{"total_empenhado":37555013136.72,"total_pago":25321427119.72,"total_cancelado":0.0,"taxa_execucao_geral":0.6742489219092186,"numero_emendas":5223,"numero_parlamentares_individuais":1058,"ano_inicio":2026,"ano_fim":2026,"gerado_em":"2026-07-19T23:56:54.734557+00:00"}